{"cameraMode":{"drawMode":0,"name":"Shaded","section":"Shading Mode"},"sceneLighting":true,"audioPlay":false,"sceneViewState":{"showFog":true,"showMaterialUpdate":false,"showSkybox":true,"showFlares":true,"showImageEffects":true,"showParticleSystems":true},"in2DMode":false,"pivot":{"x":2.033111095428467,"y":-0.3961111009120941,"z":15.6943359375},"rotation":{"x":0.1829671412706375,"y":-0.8164839744567871,"z":0.40382808446884158,"w":0.36994481086730959},"size":43.26383590698242,"orthographic":false}